id, first-name, last-name, dob, user-name, password
1, John, Smith, 1990-05-15, john.smith, password123
2, Sarah, Johnson, 1985-08-22, sarah.johnson, mypass456
3, Michael, Brown, 1992-03-10, michael.brown, secure789
4, Emily, Davis, 1988-12-05, emily.davis, pass1234
5, David, Wilson, 1995-07-18, david.wilson, mypassword
6, Jessica, Miller, 1991-11-30, jessica.miller, secret123
7, Christopher, Garcia, 1987-04-12, chris.garcia, password
8, Amanda, Martinez, 1993-09-25, amanda.martinez, pass456
9, Matthew, Anderson, 1989-06-08, matthew.anderson, mypass789
10, Ashley, Taylor, 1994-01-14, ashley.taylor, securepass
11, Joshua, Thomas, 1986-10-03, joshua.thomas, password123
12, Samantha, Jackson, 1990-02-28, samantha.jackson, mypass123
13, Daniel, White, 1988-07-16, daniel.white, secret456
14, Megan, Harris, 1992-12-09, megan.harris, pass789
15, Andrew, Martin, 1987-05-21, andrew.martin, mypassword
16, Lauren, Thompson, 1991-08-04, lauren.thompson, secure123
17, Ryan, Garcia, 1989-11-17, ryan.garcia, password456
18, Nicole, Martinez, 1993-03-26, nicole.martinez, mypass789
19, Kevin, Robinson, 1985-09-13, kevin.robinson, secretpass
20, Rachel, Clark, 1990-06-02, rachel.clark, pass123
21, Brandon, Rodriguez, 1988-01-19, brandon.rodriguez, mypassword
22, Stephanie, Lewis, 1992-04-07, stephanie.lewis, secure456
23, Tyler, Lee, 1987-10-24, tyler.lee, password789
24, Brittany, Walker, 1991-12-11, brittany.walker, mypass123
25, Justin, Hall, 1989-08-05, justin.hall, secret456
26, Kayla, Allen, 1993-02-18, kayla.allen, pass789
27, Nathan, Young, 1986-07-29, nathan.young, mypassword
28, Danielle, King, 1990-11-12, danielle.king, secure123
29, Zachary, Wright, 1988-05-06, zachary.wright, password456
30, Courtney, Lopez, 1992-09-23, courtney.lopez, mypass789
31, Jacob, Hill, 1987-03-15, jacob.hill, secretpass
32, Amber, Scott, 1991-12-28, amber.scott, pass123
33, Austin, Green, 1989-06-11, austin.green, mypassword
34, Crystal, Adams, 1993-10-04, crystal.adams, secure456
35, Kyle, Baker, 1986-01-27, kyle.baker, password789
36, Heather, Gonzalez, 1990-08-14, heather.gonzalez, mypass123
37, Jordan, Nelson, 1988-04-01, jordan.nelson, secret456
38, Tiffany, Carter, 1992-11-18, tiffany.carter, pass789
39, Aaron, Mitchell, 1987-07-25, aaron.mitchell, mypassword
40, Melissa, Perez, 1991-02-08, melissa.perez, secure123
41, Sean, Roberts, 1989-09-21, sean.roberts, password456
42, Jennifer, Turner, 1993-05-14, jennifer.turner, mypass789
43, Adam, Phillips, 1986-12-07, adam.phillips, secretpass
44, Michelle, Campbell, 1990-03-30, michelle.campbell, pass123
45, Jonathan, Parker, 1988-10-13, jonathan.parker, mypassword
46, Kimberly, Evans, 1992-06-26, kimberly.evans, secure456
47, Benjamin, Edwards, 1987-01-19, benjamin.edwards, password789
48, Lisa, Collins, 1991-08-02, lisa.collins, mypass123
49, Nicholas, Stewart, 1989-04-15, nicholas.stewart, secret456
50, Angela, Sanchez, 1993-11-28, angela.sanchez, pass789
51, Samuel, Morris, 1986-07-11, samuel.morris, mypassword
52, Rebecca, Rogers, 1990-02-24, rebecca.rogers, secure123
53, Patrick, Reed, 1988-09-17, patrick.reed, password456
54, Laura, Cook, 1992-05-10, laura.cook, mypass789
55, Timothy, Morgan, 1987-12-03, timothy.morgan, secretpass
56, Christine, Bell, 1991-08-16, christine.bell, pass123
57, Jeremy, Murphy, 1989-03-29, jeremy.murphy, mypassword
58, Maria, Bailey, 1993-10-12, maria.bailey, secure456
59, Alexander, Rivera, 1986-06-25, alexander.rivera, password789
60, Donna, Cooper, 1990-01-18, donna.cooper, mypass123
61, Mark, Richardson, 1988-08-01, mark.richardson, secret456
62, Carol, Cox, 1992-04-14, carol.cox, pass789
63, Steven, Howard, 1987-11-27, steven.howard, mypassword
64, Ruth, Ward, 1991-07-10, ruth.ward, secure123
65, Paul, Torres, 1989-02-23, paul.torres, password456
66, Sharon, Peterson, 1993-09-06, sharon.peterson, mypass789
67, Kenneth, Gray, 1986-05-19, kenneth.gray, secretpass
68, Janet, Ramirez, 1990-12-02, janet.ramirez, pass123
69, Gregory, James, 1988-08-15, gregory.james, mypassword
70, Helen, Watson, 1992-03-28, helen.watson, secure456
71, Raymond, Brooks, 1987-10-11, raymond.brooks, password789
72, Cynthia, Kelly, 1991-06-24, cynthia.kelly, mypass123
73, Frank, Sanders, 1989-01-17, frank.sanders, secret456
74, Frances, Price, 1993-08-30, frances.price, pass789
75, Larry, Bennett, 1986-04-13, larry.bennett, mypassword
76, Lillian, Wood, 1990-11-26, lillian.wood, secure123
77, Wayne, Barnes, 1988-07-09, wayne.barnes, password456
78, Rose, Ross, 1992-02-22, rose.ross, mypass789
79, Eugene, Henderson, 1987-09-05, eugene.henderson, secretpass
80, Gloria, Coleman, 1991-05-18, gloria.coleman, pass123
81, Arthur, Jenkins, 1989-12-01, arthur.jenkins, mypassword
82, Virginia, Perry, 1993-08-14, virginia.perry, secure456
83, Carl, Powell, 1986-03-27, carl.powell, password789
84, Marie, Long, 1990-10-10, marie.long, mypass123
85, Joe, Patterson, 1988-06-23, joe.patterson, secret456
86, Evelyn, Hughes, 1992-01-16, evelyn.hughes, pass789
87, Ralph, Flores, 1987-08-29, ralph.flores, mypassword
88, Joan, Washington, 1991-04-12, joan.washington, secure123
89, Bobby, Butler, 1989-11-25, bobby.butler, password456
90, Judy, Simmons, 1993-07-08, judy.simmons, mypass789
91, Harold, Foster, 1986-02-21, harold.foster, secretpass
92, Beverly, Gonzales, 1990-09-04, beverly.gonzales, pass123
93, Albert, Bryant, 1988-05-17, albert.bryant, mypassword
94, Martha, Alexander, 1992-12-30, martha.alexander, secure456
95, Willie, Russell, 1987-08-13, willie.russell, password789
96, Doris, Griffin, 1991-03-26, doris.griffin, mypass123
97, Eugene, Diaz, 1989-10-09, eugene.diaz, secret456
98, Ruby, Hayes, 1993-06-22, ruby.hayes, pass789
99, Louis, Myers, 1986-01-15, louis.myers, mypassword
100, Irene, Ford, 1990-08-28, irene.ford, secure123